<?xml version="1.0" encoding="UTF-8"?>
<!DOCTYPE mapper PUBLIC "-//mybatis.org//DTD Mapper 3.0//EN" "http://mybatis.org/dtd/mybatis-3-mapper.dtd">
<mapper namespace="com.csg.mapper.AlarmMapper">

    <!-- 通用查询映射结果 -->
    <resultMap id="BaseResultMap" type="com.csg.entity.Alarm">
        <id column="ID" property="id" />
        <result column="UNIT_SIGN" property="unitSign" />
        <result column="UNIT_TITLE" property="unitTitle" />
        <result column="UNIT_VALUE" property="unitValue" />
        <result column="ALARM_TIME" property="alarmTime" />
        <result column="SMS_STATUS" property="smsStatus" />
        <result column="AUTHORIZEID" property="authorizeid" />
        <result column="ROBOT_ID" property="robotId" />
    </resultMap>

</mapper>
