<?xml version="1.0" encoding="UTF-8"?>
<!DOCTYPE mapper PUBLIC "-//mybatis.org//DTD Mapper 3.0//EN" "http://mybatis.org/dtd/mybatis-3-mapper.dtd">
<mapper namespace="com.csg.mapper.ArtificialCognitionMapper">

    <!-- 通用查询映射结果 -->
    <resultMap id="BaseResultMap" type="com.csg.entity.ArtificialCognition">
        <result column="ID" property="id" />
        <result column="DATA_DATE" property="dataDate" />
        <result column="DATA_IMG_URL" property="dataImgUrl" />
        <result column="DATA_IMG_NAME" property="dataImgName" />
        <result column="RESULT_VALUE" property="resultValue" />
        <result column="RESULT_STATUS" property="resultStatus" />
        <result column="AUTHORIZEID" property="authorizeid" />
        <result column="ROBOT_ID" property="robotId" />
    </resultMap>

</mapper>
