<?xml version="1.0" encoding="UTF-8"?>
<!DOCTYPE mapper PUBLIC "-//mybatis.org//DTD Mapper 3.0//EN" "http://mybatis.org/dtd/mybatis-3-mapper.dtd">
<mapper namespace="com.csg.mapper.DeviceDataInsMapper">

    <!-- 通用查询映射结果 -->
    <resultMap id="BaseResultMap" type="com.csg.entity.DeviceDataIns">
        <id column="ID" property="id" />
        <result column="DEVICE_TAG" property="deviceTag" />
        <result column="DATA_DATE" property="dataDate" />
        <result column="TASK_ID" property="taskId" />
        <result column="DATA_IMG_URL" property="dataImgUrl" />
        <result column="DATA_IMG_NAME" property="dataImgName" />
        <result column="DATA_IDENTITY_STATUS" property="dataIdentityStatus" />
        <result column="DATA_VALUE" property="dataValue" />
        <result column="DATA_UNIT" property="dataUnit" />
        <result column="DATA_NORMAL_RANGE" property="dataNormalRange" />
        <result column="DATA_STATUS" property="dataStatus" />
        <result column="AUTHORIZEID" property="authorizeid" />
        <result column="ROBOT_ID" property="robotId" />
    </resultMap>

</mapper>
