<?xml version="1.0" encoding="UTF-8"?>
<!DOCTYPE mapper PUBLIC "-//mybatis.org//DTD Mapper 3.0//EN" "http://mybatis.org/dtd/mybatis-3-mapper.dtd">
<mapper namespace="com.csg.mapper.DeviceDataInfMapper">

    <!-- 通用查询映射结果 -->
    <resultMap id="BaseResultMap" type="com.csg.entity.DeviceDataInf">
        <id column="ID" property="id" />
        <result column="DEVICE_TAG" property="deviceTag" />
        <result column="DATA_DATE" property="dataDate" />
        <result column="TASK_ID" property="taskId" />
        <result column="DATA_IMG_URL" property="dataImgUrl" />
        <result column="DATA_IMG_NAME" property="dataImgName" />
        <result column="DEVICE_TEM" property="deviceTem" />
        <result column="R_MIN_TEMP" property="rMinTemp" />
        <result column="R_AVG_TEMP" property="rAvgTemp" />
        <result column="FILTER_TEM" property="filterTem" />
        <result column="IMG_MAX_TEM" property="imgMaxTem" />
        <result column="DEVICE_TEM_UP" property="deviceTemUp" />
        <result column="ENV_TEM" property="envTem" />
        <result column="DATA_STATUS" property="dataStatus" />
        <result column="BURN_TYPE" property="burnType" />
        <result column="AUTHORIZEID" property="authorizeid" />
        <result column="ROBOT" property="robot" />
    </resultMap>

</mapper>
