<?xml version="1.0" encoding="UTF-8"?>
<!DOCTYPE mapper PUBLIC "-//mybatis.org//DTD Mapper 3.0//EN" "http://mybatis.org/dtd/mybatis-3-mapper.dtd">
<mapper namespace="com.csg.mapper.EnergyLogMapper">

    <!-- 通用查询映射结果 -->
    <resultMap id="BaseResultMap" type="com.csg.entity.EnergyLog">
        <id column="ID" property="id" />
        <result column="LOG_TIME" property="logTime" />
        <result column="DATA_VALUE" property="dataValue" />
        <result column="DATA_VOLTAGE" property="dataVoltage" />
        <result column="DATA_CURRENT" property="dataCurrent" />
        <result column="AUTHORIZEID" property="authorizeid" />
        <result column="ROBOT_ID" property="robotId" />
    </resultMap>

</mapper>
