<?xml version="1.0" encoding="UTF-8"?>
<!DOCTYPE mapper PUBLIC "-//mybatis.org//DTD Mapper 3.0//EN" "http://mybatis.org/dtd/mybatis-3-mapper.dtd">
<mapper namespace="com.csg.mapper.EnvironmentInfoMapper">

    <!-- 通用查询映射结果 -->
    <resultMap id="BaseResultMap" type="com.csg.entity.EnvironmentInfo">
        <result column="ENV_ID" property="envId" />
        <result column="ENV_NAME" property="envName" />
        <result column="ENV_VALUE" property="envValue" />
        <result column="ENV_THRESHOLD" property="envThreshold" />
        <result column="AUTHORIZEID" property="authorizeid" />
        <result column="ROBOT_ID" property="robotId" />
    </resultMap>

</mapper>
