<?xml version="1.0" encoding="UTF-8"?>
<!DOCTYPE mapper PUBLIC "-//mybatis.org//DTD Mapper 3.0//EN" "http://mybatis.org/dtd/mybatis-3-mapper.dtd">
<mapper namespace="com.csg.mapper.MediaManageMapper">

    <!-- 通用查询映射结果 -->
    <resultMap id="BaseResultMap" type="com.csg.entity.MediaManage">
        <id column="ID" property="id" />
        <result column="FILE_NAME" property="fileName" />
        <result column="FILE_PATH" property="filePath" />
        <result column="FILE_TYPE" property="fileType" />
        <result column="FILE_SIZE" property="fileSize" />
        <result column="IP" property="ip" />
        <result column="CREATE_TIME" property="createTime" />
        <result column="AUTHORIZEID" property="authorizeid" />
        <result column="ROBOT_ID" property="robotId" />
    </resultMap>

</mapper>
