<?xml version="1.0" encoding="UTF-8"?>
<!DOCTYPE mapper PUBLIC "-//mybatis.org//DTD Mapper 3.0//EN" "http://mybatis.org/dtd/mybatis-3-mapper.dtd">
<mapper namespace="com.csg.mapper.OilLimitMapper">

    <!-- 通用查询映射结果 -->
    <resultMap id="BaseResultMap" type="com.csg.entity.OilLimit">
        <id column="ID" property="id" />
        <result column="OIL_LEVEL_TAG" property="oilLevelTag" />
        <result column="OIL_TEMPERATURE_TAGS" property="oilTemperatureTags" />
        <result column="COEFFICIENT" property="coefficient" />
        <result column="ERROR" property="error" />
        <result column="CREATE_TIME" property="createTime" />
        <result column="AUTHORIZEID" property="authorizeid" />
        <result column="ROBOT_ID" property="robotId" />
    </resultMap>

</mapper>
