<?xml version="1.0" encoding="UTF-8"?>
<!DOCTYPE mapper PUBLIC "-//mybatis.org//DTD Mapper 3.0//EN" "http://mybatis.org/dtd/mybatis-3-mapper.dtd">
<mapper namespace="com.csg.mapper.OilRecordMapper">

    <!-- 通用查询映射结果 -->
    <resultMap id="BaseResultMap" type="com.csg.entity.OilRecord">
        <id column="ID" property="id" />
        <result column="TASK_DATE" property="taskDate" />
        <result column="OIL_LEVEL_TAG" property="oilLevelTag" />
        <result column="LIMIT_VALUE" property="limitValue" />
        <result column="STATUS" property="status" />
        <result column="AUTHORIZEID" property="authorizeid" />
        <result column="ROBOT_ID" property="robotId" />
    </resultMap>

</mapper>
