<?xml version="1.0" encoding="UTF-8"?>
<!DOCTYPE mapper PUBLIC "-//mybatis.org//DTD Mapper 3.0//EN" "http://mybatis.org/dtd/mybatis-3-mapper.dtd">
<mapper namespace="com.csg.mapper.QuartzJobMapper">

    <!-- 通用查询映射结果 -->
    <resultMap id="BaseResultMap" type="com.csg.entity.QuartzJob">
        <result column="ID" property="id" />
        <result column="JOB_NAME" property="jobName" />
        <result column="JOB_GROUP" property="jobGroup" />
        <result column="JOB_CLASS_NAME" property="jobClassName" />
        <result column="CRON_EXPRESSION" property="cronExpression" />
        <result column="TRIGGER_STATE" property="triggerState" />
        <result column="OLD_JOB_NAME" property="oldJobName" />
        <result column="OLD_JOB_GROUP" property="oldJobGroup" />
        <result column="DESCRIPTION" property="description" />
    </resultMap>

    <select id="listJob" resultMap="BaseResultMap">
        SELECT
        id,job_name,job_group,job_class_name,cron_expression,trigger_state,old_job_name,old_job_group,description
        FROM
        tb_quartz_job
        <if test="jobName != '' and jobName != null">
            WHERE job_name LIKE CONCAT(CONCAT('%',#{jobName}),'%')
        </if>
    </select>

    <select id="getJob" resultMap="BaseResultMap">
        SELECT
          id,job_name,job_group,job_class_name,cron_expression,trigger_state,old_job_name,old_job_group,description
        FROM
          tb_quartz_job
        WHERE
          job_group = #{jobGroup} AND job_name = #{jobName}
    </select>

    <insert id="saveJob" parameterType="object">
        INSERT INTO
          tb_quartz_job(job_name,job_group,job_class_name,cron_expression,trigger_state,old_job_name,old_job_group,description)
        VALUES
          (#{jobName},#{jobGroup},#{jobClassName},#{cronExpression},#{triggerState},#{oldJobName},#{oldJobGroup},#{description})
    </insert>

    <update id="updateJobStatus" parameterType="java.lang.String">
        UPDATE
          tb_quartz_job
        SET
          trigger_state = #{status}
        WHERE
          job_group = #{jobGroup} AND job_name = #{jobName}
    </update>

    <delete id="removeQuartzJob" parameterType="java.lang.String">
        DELETE FROM
          tb_quartz_job
        WHERE
          job_group = #{jobGroup} AND job_name = #{jobName}
    </delete>

    <update id="updateJob" parameterType="object">
        UPDATE
        tb_quartz_job
        <set>
            <if test="jobName != null"> job_name = #{jobName}, </if>
            <if test="jobGroup != null"> job_group = #{jobGroup}, </if>
            <if test="jobClassName != null"> job_class_name = #{jobClassName}, </if>
            <if test="cronExpression != null"> cron_expression = #{cronExpression}, </if>
            <if test="triggerState != null"> trigger_state = #{triggerState}, </if>
            <if test="oldJobName != null"> old_job_name = #{oldJobName}, </if>
            <if test="oldJobGroup != null"> old_job_group = #{oldJobGroup}, </if>
            <if test="description != null"> description = #{description}, </if>
        </set>
        WHERE
        id = #{id}
    </update>
</mapper>
