<?xml version="1.0" encoding="UTF-8"?>
<!DOCTYPE mapper PUBLIC "-//mybatis.org//DTD Mapper 3.0//EN" "http://mybatis.org/dtd/mybatis-3-mapper.dtd">
<mapper namespace="com.csg.mapper.SmsMapper">

    <!-- 通用查询映射结果 -->
    <resultMap id="BaseResultMap" type="com.csg.entity.Sms">
        <id column="ID" property="id" />
        <result column="CREATE_TIME" property="createTime" />
        <result column="UPDATE_TIME" property="updateTime" />
        <result column="PHONE" property="phone" />
        <result column="SMSCONTENT" property="smscontent" />
        <result column="STATE" property="state" />
        <result column="DEVICE_TAG" property="deviceTag" />
        <result column="REQUEST_ID" property="requestId" />
        <result column="TIMES" property="times" />
        <result column="ALARM_TYPE" property="alarmType" />
        <result column="DEVICE_NAME" property="deviceName" />
        <result column="AUTHORIZEID" property="authorizeid" />
        <result column="ROBOT_ID" property="robotId" />
    </resultMap>

</mapper>
