<?xml version="1.0" encoding="UTF-8"?>
<!DOCTYPE mapper PUBLIC "-//mybatis.org//DTD Mapper 3.0//EN" "http://mybatis.org/dtd/mybatis-3-mapper.dtd">
<mapper namespace="com.csg.mapper.TaskPlaneMapper">

    <!-- 通用查询映射结果 -->
    <resultMap id="BaseResultMap" type="com.csg.entity.TaskPlane">
        <id column="ID" property="id" />
        <result column="TASK_ID" property="taskId" />
        <result column="TASK_NAME" property="taskName" />
        <result column="TASK_STATUS" property="taskStatus" />
        <result column="TASK_READY" property="taskReady" />
        <result column="TASK_TIME" property="taskTime" />
        <result column="REPEAT_TYPE" property="repeatType" />
        <result column="REPEAT_TAG" property="repeatTag" />
        <result column="DEVICE_TOTAL" property="deviceTotal" />
        <result column="EXPECT_TIME" property="expectTime" />
        <result column="IS_RECHECK" property="isRecheck" />
        <result column="TASK_MARK" property="taskMark" />
        <result column="EDIT_TIME" property="editTime" />
        <result column="TASK_TYPE" property="taskType" />
        <result column="SUB_TYPE" property="subType" />
        <result column="AUTHORIZEID" property="authorizeid" />
        <result column="ROBOT_ID" property="robotId" />
    </resultMap>

</mapper>
