<?xml version="1.0" encoding="UTF-8"?>
<!DOCTYPE mapper PUBLIC "-//mybatis.org//DTD Mapper 3.0//EN" "http://mybatis.org/dtd/mybatis-3-mapper.dtd">
<mapper namespace="com.csg.mapper.TaskDetailMapper">

    <!-- 通用查询映射结果 -->
    <resultMap id="BaseResultMap" type="com.csg.entity.TaskDetail">
        <id column="ID" property="id" />
        <result column="TASK_ID" property="taskId" />
        <result column="DEVICE_TAG" property="deviceTag" />
        <result column="TASK_SERIAL" property="taskSerial" />
        <result column="DETAIL_STATUS" property="detailStatus" />
        <result column="AUTHORIZEID" property="authorizeid" />
        <result column="ROBOT_ID" property="robotId" />
    </resultMap>

</mapper>
