<?xml version="1.0" encoding="UTF-8"?>
<!DOCTYPE mapper PUBLIC "-//mybatis.org//DTD Mapper 3.0//EN" "http://mybatis.org/dtd/mybatis-3-mapper.dtd">
<mapper namespace="com.csg.mapper.TaskDataMapper">

    <!-- 通用查询映射结果 -->
    <resultMap id="BaseResultMap" type="com.csg.entity.TaskData">
        <id column="ID" property="id" />
        <result column="TASK_ID" property="taskId" />
        <result column="TASK_DATE" property="taskDate" />
        <result column="END_DATE" property="endDate" />
        <result column="DEVICE_TOTAL" property="deviceTotal" />
        <result column="DEVICE_BUG" property="deviceBug" />
        <result column="DEVICE_EXC" property="deviceExc" />
        <result column="TASK_DURATION" property="taskDuration" />
        <result column="WR_TEM" property="wrTem" />
        <result column="WR_HUMIDITY" property="wrHumidity" />
        <result column="WR_WIND_SPEED" property="wrWindSpeed" />
        <result column="WR_WIND_DIR" property="wrWindDir" />
        <result column="TASK_RESULT" property="taskResult" />
        <result column="AUTHORIZEID" property="authorizeid" />
        <result column="ROBOT_ID" property="robotId" />
    </resultMap>

</mapper>
