<?xml version="1.0" encoding="UTF-8"?>
<!DOCTYPE mapper PUBLIC "-//mybatis.org//DTD Mapper 3.0//EN" "http://mybatis.org/dtd/mybatis-3-mapper.dtd">
<mapper namespace="com.csg.mapper.TaskPauseMapper">

    <!-- 通用查询映射结果 -->
    <resultMap id="BaseResultMap" type="com.csg.entity.TaskPause">
        <id column="ID" property="id" />
        <result column="TASK_ID" property="taskId" />
        <result column="START_TIME" property="startTime" />
        <result column="PAUSE_TIME" property="pauseTime" />
        <result column="DEVICE_BUG" property="deviceBug" />
        <result column="DEVICE_NUM" property="deviceNum" />
        <result column="DEVICE_EXC" property="deviceExc" />
        <result column="AUTHORIZEID" property="authorizeid" />
        <result column="ROBOT_ID" property="robotId" />
    </resultMap>

</mapper>
