<?xml version="1.0" encoding="UTF-8"?>
<!DOCTYPE mapper PUBLIC "-//mybatis.org//DTD Mapper 3.0//EN" "http://mybatis.org/dtd/mybatis-3-mapper.dtd">
<mapper namespace="com.csg.mapper.ThermalDefectMapper">

    <!-- 通用查询映射结果 -->
    <resultMap id="BaseResultMap" type="com.csg.entity.ThermalDefect">
        <id column="ID" property="id" />
        <result column="ALARM_ID" property="alarmId" />
        <result column="DEVICE_TAG" property="deviceTag" />
        <result column="BURN_TYPE" property="burnType" />
        <result column="ALARM_DATE" property="alarmDate" />
        <result column="ALARM_VALUE" property="alarmValue" />
        <result column="DATA_UNIT" property="dataUnit" />
        <result column="ALARM_LEVEL" property="alarmLevel" />
        <result column="ALARM_STATUS" property="alarmStatus" />
        <result column="CANCEL_TIME" property="cancelTime" />
        <result column="AUTHORIZEID" property="authorizeid" />
        <result column="ROBOT_ID" property="robotId" />
    </resultMap>

</mapper>
