<?xml version="1.0" encoding="UTF-8"?>
<!DOCTYPE mapper PUBLIC "-//mybatis.org//DTD Mapper 3.0//EN" "http://mybatis.org/dtd/mybatis-3-mapper.dtd">
<mapper namespace="com.csg.mapper.TriphaseTemMapper">

    <!-- 通用查询映射结果 -->
    <resultMap id="BaseResultMap" type="com.csg.entity.TriphaseTem">
        <id column="ID" property="id" />
        <result column="TASK_ID" property="taskId" />
        <result column="TASK_DATE" property="taskDate" />
        <result column="DEVICE_TAG_S" property="deviceTagS" />
        <result column="TAG_S_NAME" property="tagSName" />
        <result column="TAG_S_VALUE" property="tagSValue" />
        <result column="TAG_S_URL" property="tagSUrl" />
        <result column="DEVICE_TAG_E" property="deviceTagE" />
        <result column="TAG_E_NAME" property="tagEName" />
        <result column="TAG_E_VALUE" property="tagEValue" />
        <result column="TAG_E_URL" property="tagEUrl" />
        <result column="DIFFER_VALUE" property="differValue" />
        <result column="DIFFER_STATUS" property="differStatus" />
        <result column="CANCEL_TIME" property="cancelTime" />
        <result column="MARK" property="mark" />
        <result column="AUTHORIZEID" property="authorizeid" />
        <result column="ROBOT_ID" property="robotId" />
    </resultMap>

</mapper>
