<?xml version="1.0" encoding="UTF-8"?>
<!DOCTYPE mapper PUBLIC "-//mybatis.org//DTD Mapper 3.0//EN" "http://mybatis.org/dtd/mybatis-3-mapper.dtd">
<mapper namespace="com.csg.mapper.WeatherRecordMapper">

    <!-- 通用查询映射结果 -->
    <resultMap id="BaseResultMap" type="com.csg.entity.WeatherRecord">
        <id column="ID" property="id" />
        <result column="WR_ID" property="wrId" />
        <result column="WR_TEM" property="wrTem" />
        <result column="WR_HUMIDITY" property="wrHumidity" />
        <result column="WR_WIND_DIR" property="wrWindDir" />
        <result column="WR_WIND_SPEED" property="wrWindSpeed" />
        <result column="WR_RAINFALL" property="wrRainfall" />
        <result column="WR_AIR_PRE" property="wrAirPre" />
        <result column="WR_DATE" property="wrDate" />
        <result column="MARK" property="mark" />
        <result column="AUTHORIZEID" property="authorizeid" />
        <result column="ROBOT_ID" property="robotId" />
    </resultMap>

</mapper>
